{"Grad_CAM": {"Faithfulness": [-0.004026547592948191], "Robustness": [3281.755555265199], "Axiomatic": [1.8], "Complexity": [10.656895545848682], "Randomisation": [1.0]}, "Grad_CAM++": {"Faithfulness": [0.01131210046558408], "Robustness": [3587.0900949200977], "Axiomatic": [2.0], "Complexity": [10.689298297032895], "Randomisation": [1.0]}, "Score_CAM": {"Faithfulness": [0.00700122514332179], "Complexity": [10.614778252974531]}, "Relevance_CAM": {"Faithfulness": [0.015429063118062913], "Robustness": [3518.596256717542], "Axiomatic": [1.9], "Complexity": [10.623425545483883], "Randomisation": [1.0]}}